,word
0,
1,the
2,a
3,to
4,i
5,of
6,and
7,you
8,it
9,in
10,is
11,was
12,he
13,that
14,s
15,t
16,for
17,what
18,with
19,on
20,his
21,are
22,this
23,have
24,be
25,had
26,they
27,but
28,my
29,at
30,do
31,boy
32,me
33,there
34,not
35,we
36,can
37,as
38,she
39,said
40,one
41,from
42,were
43,all
44,about
45,an
46,don
47,your
48,out
49,her
50,him
51,know
52,by
53,man
54,no
55,will
56,how
57,so
58,m
59,like
60,when
61,if
62,up
63,been
64,people
65,get
66,just
67,has
68,did
69,two
70,some
71,time
72,would
73,want
74,them
75,then
76,see
77,into
78,their
79,going
80,more
81,could
82,here
83,now
84,never
85,who
86,ll
87,re
88,thought
89,or
90,its
91,old
92,good
93,think
94,where
95,only
96,other
97,got
98,back
99,alchemist
100,why
101,go
102,ve
103,down
104,than
105,very
106,over
107,first
108,didn
109,well
110,way
111,after
112,day
113,many
114,right
115,any
116,before
117,because
118,little
119,still
120,say
121,asked
122,find
123,also
124,new
125,let
126,come
127,made
128,too
129,our
130,should
131,through
132,need
133,these
134,make
135,better
136,came
137,much
138,told
139,something
140,things
141,us
142,nothing
143,desert
144,went
145,always
146,off
147,must
148,d
149,take
150,found
151,saw
152,tell
153,three
154,world
155,work
156,men
157,seen
158,night
159,look
160,love
161,everything
162,those
163,woman
164,life
165,around
166,really
167,even
168,again
169,another
170,most
171,used
172,am
173,anything
174,away
175,please
176,does
177,thing
178,while
179,heart
180,give
181,took
182,left
183,looked
184,same
185,money
186,help
187,seemed
188,book
189,house
190,name
191,long
192,every
193,knew
194,might
195,home
196,water
197,englishman
198,next
199,began
200,sun
201,looking
202,everyone
203,read
204,sheep
205,girl
206,answered
207,place
208,without
209,young
210,last
211,wanted
212,may
213,heard
214,use
215,already
216,called
217,wind
218,years
219,himself
220,city
221,own
222,doing
223,mean
224,which
225,done
226,mind
227,year
228,such
229,won
230,morning
231,days
232,put
233,each
234,few
235,sure
236,red
237,idea
238,lot
239,best
240,town
241,five
242,ever
243,fire
244,treasure
245,war
246,great
247,eyes
248,part
249,today
250,sand
251,once
252,maybe
253,friend
254,end
255,understand
256,play
257,merchant
258,small
259,between
260,earth
261,both
262,matter
263,yet
264,live
265,felt
266,twenty
267,room
268,hand
269,top
270,high
271,decided
272,dream
273,blue
274,wasn
275,almost
276,talk
277,couldn
278,gold
279,playing
280,words
281,able
282,person
283,four
284,children
285,large
286,trying
287,black
288,language
289,sound
290,fell
291,hundred
292,until
293,passed
294,gave
295,omens
296,often
297,doesn
298,light
299,king
300,makes
301,become
302,point
303,oh
304,keep
305,being
306,hear
307,white
308,street
309,air
310,far
311,suddenly
312,remember
313,believe
314,set
315,stop
316,music
317,happen
318,crystal
319,wait
320,appeared
321,shop
322,school
323,table
324,under
325,destiny
326,horse
327,call
328,feel
329,coming
330,green
331,later
332,show
333,became
334,open
335,early
336,try
337,talking
338,during
339,running
340,else
341,office
342,big
343,group
344,soon
345,father
346,road
347,eat
348,tomorrow
349,cylinder
350,happy
351,station
352,wearing
353,moment
354,soul
355,dog
356,behind
357,start
358,tried
359,ago
360,story
361,across
362,half
363,speak
364,turned
365,leave
366,hot
367,getting
368,true
369,important
370,phone
371,mother
372,strange
373,door
374,enough
375,ask
376,slowly
377,understood
378,course
379,bad
380,together
381,isn
382,planet
383,since
384,others
385,bright
386,game
387,known
388,near
389,sitting
390,sometimes
391,spoke
392,brought
393,among
394,party
395,henderson
396,learn
397,head
398,quite
399,hard
400,fatima
401,star
402,dollars
403,guy
404,times
405,however
406,crowd
407,stood
408,ground
409,tea
410,knows
411,shall
412,quickly
413,food
414,along
415,week
416,voice
417,smoke
418,building
419,face
420,add
421,camel
422,train
423,taking
424,returned
425,afraid
426,wise
427,met
428,trees
429,movement
430,car
431,minutes
432,change
433,bit
434,less
435,ten
436,standing
437,books
438,walked
439,hands
440,written
441,child
442,stones
443,side
444,second
445,pay
446,hole
447,continued
448,wine
449,moved
450,outside
451,sat
452,alone
453,built
454,line
455,driver
456,minute
457,against
458,several
459,six
460,problem
461,whole
462,listen
463,drink
464,forget
465,difficult
466,having
467,someone
468,search
469,watched
470,clear
471,cannot
472,started
473,full
474,distance
475,women
476,word
477,business
478,filled
479,covered
480,wrong
481,power
482,write
483,buy
484,feeling
485,kind
486,lost
487,job
488,care
489,happened
490,wouldn
491,paper
492,born
493,pyramids
494,reading
495,anyone
496,working
497,myself
498,case
499,upon
500,shirt
501,return
502,oasis
503,round
504,bring
505,using
506,wish
507,nice
508,sort
509,reason
510,front
511,watch
512,waiting
513,turn
514,stopped
515,sky
516,seven
517,company
518,walking
519,late
520,free
521,sit
522,falling
523,trust
524,hour
525,noticed
526,thin
527,yesterday
528,space
529,public
530,tent
531,hope
532,thirty
533,system
534,eye
535,living
536,area
537,number
538,mouth
539,yellow
540,ice
541,bar
542,inside
543,opened
544,fear
545,gas
546,shepherd
547,son
548,different
549,nobody
550,longer
551,gone
552,cold
553,short
554,kept
555,thinking
556,yes
557,thousand
558,pointed
559,fish
560,haven
561,worth
562,arab
563,run
564,lights
565,luck
566,hold
567,family
568,news
569,changed
570,finally
571,close
572,present
573,strong
574,baby
575,dark
576,needs
577,third
578,tree
579,wife
580,movie
581,walk
582,park
583,friends
584,hours
585,flight
586,wrote
587,bought
588,piece
589,huge
590,grow
591,death
592,though
593,stone
594,travel
595,save
596,playlist
597,silence
598,speaking
599,says
600,railway
601,nearby
602,learned
603,miss
604,somewhere
605,lives
606,comes
607,future
608,weather
609,bridge
610,possible
611,meet
612,held
613,country
614,common
615,pouch
616,direction
617,die
618,surprised
619,wall
620,popular
621,sword
622,feet
623,gonna
624,state
625,tonight
626,stay
627,moon
628,check
629,floor
630,looks
631,pit
632,probably
633,ran
634,somebody
635,police
636,needed
637,list
638,easy
639,stranger
640,taken
641,fallen
642,hundreds
643,doctor
644,window
645,form
646,excited
647,kids
648,ready
649,guess
650,afternoon
651,mr
652,usually
653,holding
654,computer
655,mine
656,clock
657,jacket
658,body
659,answer
660,current
661,daughter
662,mars
663,river
664,box
665,beautiful
666,within
667,wants
668,reached
669,simply
670,windows
671,glasses
672,bed
673,mark
674,showed
675,means
676,question
677,university
678,john
679,towards
680,rich
681,garden
682,explain
683,monk
684,simple
685,internet
686,due
687,team
688,dressed
689,heavy
690,deal
691,houses
692,actually
693,till
694,field
695,making
696,blow
697,saying
698,experience
699,dreams
700,couple
701,stories
702,signal
703,deep
704,toward
705,east
706,loved
707,animals
708,either
709,club
710,silent
711,market
712,yourself
713,thank
714,africa
715,fine
716,fall
717,dust
718,telescope
719,bank
720,low
721,brown
722,warm
723,past
724,information
725,fifty
726,cat
727,dinner
728,6
729,lie
730,continue
731,famous
732,married
733,least
734,exactly
735,single
736,pink
737,owner
738,cross
739,following
740,south
741,sense
742,sea
743,throughout
744,brother
745,post
746,lady
747,sell
748,caravan
749,everybody
750,lead
751,view
752,order
753,circle
754,forward
755,album
756,stand
757,miles
758,none
759,goes
760,picture
761,sleep
762,alchemy
763,entire
764,fence
765,bag
766,glass
767,desk
768,hat
769,sent
770,birds
771,worry
772,peace
773,art
774,perfect
775,north
776,sorry
777,approached
778,months
779,laughed
780,remembered
781,government
782,coffee
783,build
784,stars
785,prepared
786,named
787,fight
788,empty
789,metal
790,nor
791,rock
792,forgot
793,letter
794,loud
795,lived
796,picked
797,real
798,seems
799,united
800,sleeping
801,disappointed
802,instead
803,trouble
804,speech
805,works
806,certainly
807,track
808,main
809,cut
810,sir
811,code
812,evening
813,played
814,caused
815,suppose
816,song
817,immediately
818,singing
819,restaurant
820,ogilvy
821,themselves
822,cup
823,rate
824,flame
825,fast
826,teach
827,delicious
828,atmosphere
829,beach
830,research
831,act
832,touched
833,whether
834,fool
835,helped
836,edge
837,wars
838,tired
839,staring
840,gets
841,located
842,learning
843,completely
844,store
845,shape
846,sharp
847,placed
848,swimming
849,seem
850,type
851,style
852,tribal
853,key
854,imagine
855,faster
856,danger
857,player
858,provided
859,nine
860,locked
861,leaving
862,entered
863,spanish
864,land
865,sweet
866,hidden
867,finished
868,history
869,mrs
870,birthday
871,dawn
872,buried
873,perceived
874,god
875,boss
876,carrying
877,o'
878,rest
879,article
880,stuff
881,earlier
882,rule
883,egypt
884,enjoy
885,general
886,dead
887,handle
888,places
889,exciting
890,conversation
891,clean
892,position
893,football
894,scattered
895,camp
896,level
897,itself
898,mass
899,forgotten
900,ought
901,corner
902,giving
903,rose
904,hair
905,states
906,flash
907,card
908,class
909,spend
910,london
911,takes
912,meant
913,remained
914,breakfast
915,visible
916,herself
917,hospital
918,mecca
919,meeting
920,jump
921,pretty
922,noise
923,church
924,move
925,dear
926,anybody
927,dropped
928,sign
929,worse
930,coat
931,eight
932,county
933,throw
934,band
935,thanks
936,local
937,accident
938,oil
939,impact
940,embedded
941,butter
942,lake
943,kid
944,follow
945,ring
946,human
947,chance
948,marked
949,college
950,note
951,realize
952,quiet
953,ship
954,closed
955,master
956,rather
957,killed
958,law
959,absolutely
960,served
961,send
962,size
963,instruments
964,method
965,writing
966,lay
967,lower
968,spread
969,english
970,smoking
971,arrived
972,yeah
973,path
974,american
975,chief
976,straight
977,given
978,christmas
979,bags
980,cloud
981,sands
982,hardly
983,results
984,charge
985,grass
986,ball
987,powerful
988,lit
989,wonder
990,milk
991,village
992,pure
993,step
994,appearance
995,interested
996,project
997,begin
998,cheese
999,spoken
1000,force
1001,explained
1002,hill
1003,date
1004,surprise
1005,dress
1006,gravel
1007,pits
1008,unable
1009,onto
1010,lose
1011,president
1012,avoid
1013,guitar
1014,taught
1015,flock
1016,source
1017,lying
1018,newspaper
1019,spade
1020,universal
1021,heat
1022,falcon
1023,students
1024,repeated
1025,opinion
1026,woot
1027,tablet
1028,alice
1029,led
1030,pull
1031,blood
1032,coins
1033,aren
1034,center
1035,shouldn
1036,forced
1037,entirely
1038,parts
1039,chair
1040,sounds
1041,broken
1042,machine
1043,term
1044,below
1045,gives
1046,pain
1047,faint
1048,foot
1049,national
1050,meaning
1051,arms
1052,quietly
1053,safe
1054,horses
1055,guys
1056,angry
1057,blessing
1058,fighting
1059,difference
1060,eggs
1061,welcome
1062,offered
1063,paid
1064,west
1065,wear
1066,beginning
1067,concerned
1068,stands
1069,unscrewing
1070,setting
1071,report
1072,joy
1073,broke
1074,girls
1075,sold
1076,older
1077,cried
1078,boys
1079,mistake
1080,allowed
1081,contained
1082,based
1083,break
1084,keys
1085,waste
1086,features
1087,account
1088,eating
1089,fact
1090,snow
1091,happens
1092,test
1093,rain
1094,believed
1095,issue
1096,engine
1097,listening
1098,martians
1099,musical
1100,doubt
1101,clouds
1102,pictures
1103,career
1104,bulk
1105,climbed
1106,died
1107,finding
1108,meteorite
1109,pulled
1110,observing
1111,secret
1112,smiling
1113,meteorites
1114,opening
1115,scared
1116,twice
1117,website
1118,irritated
1119,dogs
1120,gun
1121,flying
1122,buildings
1123,although
1124,described
1125,brain
1126,smell
1127,snake
1128,shadow
1129,period
1130,appear
1131,board
1132,education
1133,tribes
1134,text
1135,funny
1136,arm
1137,raised
1138,surrounding
1139,surface
1140,perhaps
1141,web
1142,points
1143,hanging
1144,crossed
1145,din
1146,alchemists
1147,observe
1148,spent
1149,impossible
1150,include
1151,requires
1152,join
1153,fair
1154,summer
1155,fruit
1156,becoming
1157,character
1158,invisible
1159,certain
1160,smiled
1161,especially
1162,emerald
1163,concentrate
1164,control
1165,peter
1166,sandwich
1167,happening
1168,poor
1169,shepherds
1170,boat
1171,pray
1172,marry
1173,realized
1174,month
1175,german
1176,fly
1177,available
1178,abandoned
1179,cause
1180,software
1181,familiar
1182,journey
1183,above
1184,leaves
1185,bedroom
1186,salem
1187,cry
1188,nature
1189,legs
1190,waited
1191,names
1192,except
1193,sight
1194,wood
1195,bet
1196,hurry
1197,schedule
1198,middle
1199,pocket
1200,palm
1201,watching
1202,plan
1203,plaza
1204,tank
1205,dry
1206,tower
1207,serve
1208,eventually
1209,content
1210,crossing
1211,carefully
1212,occurred
1213,worked
1214,alive
1215,hawks
1216,community
1217,series
1218,practice
1219,gate
1220,problems
1221,horizon
1222,attempt
1223,march
1224,previous
1225,prefer
1226,file
1227,orange
1228,mile
1229,example
1230,ate
1231,rocks
1232,decisions
1233,army
1234,data
1235,extremely
1236,specifically
1237,attention
1238,shouted
1239,walls
1240,camels
1241,everywhere
1242,devil
1243,okay
1244,gently
1245,bottle
1246,lines
1247,reminded
1248,plenty
1249,baker
1250,rode
1251,impatient
1252,showing
1253,trail
1254,super
1255,greatest
1256,million
1257,relieved
1258,island
1259,proud
1260,chest
1261,ride
1262,driving
1263,solution
1264,raining
1265,steel
1266,carried
1267,page
1268,crazy
1269,district
1270,service
1271,catch
1272,hey
1273,bus
1274,strength
1275,tennis
1276,kill
1277,novel
1278,diet
1279,value
1280,ahead
1281,beer
1282,husband
1283,supposed
1284,according
1285,hurt
1286,choice
1287,urim
1288,thummim
1289,dance
1290,seconds
1291,slow
1292,languages
1293,artist
1294,base
1295,image
1296,clothes
1297,reach
1298,further
1299,mostly
1300,cheap
1301,extinguished
1302,wool
1303,feed
1304,lots
1305,truth
1306,runs
1307,function
1308,happiness
1309,judge
1310,hit
1311,faces
1312,york
1313,non
1314,perform
1315,sixty
1316,iron
1317,flowers
1318,shut
1319,serious
1320,shopping
1321,leading
1322,caught
1323,distant
1324,strike
1325,escape
1326,larger
1327,harry
1328,dunes
1329,tourists
1330,beat
1331,expensive
1332,film
1333,bird
1334,nearly
1335,attack
1336,patient
1337,careful
1338,lies
1339,connected
1340,besides
1341,silver
1342,seat
1343,display
1344,returning
1345,patience
1346,images
1347,model
1348,personal
1349,upper
1350,burned
1351,hurried
1352,leader
1353,whose
1354,sounded
1355,population
1356,pick
1357,unless
1358,yours
1359,review
1360,tears
1361,calling
1362,suspicious
1363,gentlemen
1364,bread
1365,chieftains
1366,tradition
1367,smaller
1368,cost
1369,hate
1370,swayed
1371,age
1372,access
1373,nurse
1374,teeth
1375,spite
1376,groups
1377,principle
1378,sad
1379,british
1380,flesh
1381,terrible
1382,trick
1383,wished
1384,rusty
1385,difficulties
1386,mountain
1387,float
1388,honor
1389,spot
1390,moving
1391,forecast
1392,pine
1393,offer
1394,generally
1395,neither
1396,shoulder
1397,ways
1398,darkness
1399,weeks
1400,jumping
1401,riding
1402,fun
1403,rising
1404,salt
1405,private
1406,added
1407,formed
1408,dangerous
1409,french
1410,skin
1411,speed
1412,meal
1413,drank
1414,scrambled
1415,airport
1416,tasty
1417,race
1418,television
1419,followed
1420,science
1421,missing
1422,ash
1423,fox
1424,pipe
1425,random
1426,professional
1427,jerk
1428,interrupted
1429,frightened
1430,storm
1431,quick
1432,radio
1433,contains
1434,support
1435,bullet
1436,changing
1437,kite
1438,ants
1439,situation
1440,traffic
1441,waves
1442,package
1443,ended
1444,cape
1445,movies
1446,dig
1447,pack
1448,included
1449,finish
1450,slightly
1451,chicken
1452,blown
1453,version
1454,translation
1455,fit
1456,interpret
1457,ancient
1458,commands
1459,bicycle
1460,expression
1461,diameter
1462,automatic
1463,models
1464,drunk
1465,health
1466,noticing
1467,response
1468,heather
1469,germany
1470,starting
1471,color
1472,allow
1473,suit
1474,application
1475,eleven
1476,sunlight
1477,ticket
1478,failed
1479,cover
1480,medical
1481,keeps
1482,ear
1483,tall
1484,moments
1485,purse
1486,saint
1487,approach
1488,favorite
1489,laugh
1490,arabic
1491,uncle
1492,busy
1493,drinking
1494,sudden
1495,consider
1496,awoke
1497,dropping
1498,entering
1499,saved
1500,apparently
1501,possibilities
1502,reality
1503,grew
1504,bill
1505,lack
1506,expect
1507,tangier
1508,height
1509,perfectly
1510,egg
1511,dried
1512,wanna
1513,cooking
1514,created
1515,command
1516,5
1517,areas
1518,studied
1519,creature
1520,parents
1521,complicated
1522,changes
1523,streets
1524,astronomy
1525,major
1526,energy
1527,pan
1528,tax
1529,ceased
1530,burning
1531,gardener
1532,currently
1533,songs
1534,visit
1535,jennifer
1536,figure
1537,member
1538,cream
1539,gain
1540,wooden
1541,wore
1542,bench
1543,standard
1544,ill
1545,reception
1546,court
1547,pound
1548,lunch
1549,fixed
1550,obviously
1551,required
1552,hissing
1553,smart
1554,thousands
1555,successful
1556,trusted
1557,threw
1558,dense
1559,doors
1560,tenth
1561,thick
1562,begins
1563,sister
1564,speaks
1565,sunset
1566,fields
1567,temperature
1568,screen
1569,transformed
1570,grey
1571,forest
1572,century
1573,al
1574,final
1575,schools
1576,armed
1577,james
1578,pool
1579,stick
1580,america
1581,similar
1582,evil
1583,arise
1584,seated
1585,arrive
1586,ninety
1587,yards
1588,hall
1589,descended
1590,replace
1591,tastes
1592,employed
1593,normal
1594,process
1595,shooting
1596,bike
1597,plans
1598,amount
1599,apple
1600,chickens
1601,sentence
1602,considered
1603,thief
1604,taste
1605,trip
1606,drop
1607,stated
1608,golf
1609,articles
1610,finds
1611,liquid
1612,penny
1613,soccer
1614,signs
1615,understanding
1616,jack
1617,wide
1618,connection
1619,smile
1620,trains
1621,olympics
1622,asleep
1623,unusual
1624,published
1625,collapsed
1626,gap
1627,hiding
1628,costs
1629,teacher
1630,programming
1631,hungry
1632,cooling
1633,google
1634,glad
1635,heading
1636,nineteen
1637,drive
1638,armies
1639,forces
1640,wings
1641,video
1642,exact
1643,purple
1644,reply
1645,gradual
1646,shelf
1647,hotel
1648,failure
1649,accustomed
1650,biggest
1651,visited
1652,user
1653,stuck
1654,bear
1655,price
1656,length
1657,aunt
1658,stable
1659,mode
1660,charles
1661,library
1662,lantern
1663,various
1664,received
1665,healthy
1666,press
1667,heed
1668,immensely
1669,prepare
1670,guns
1671,drugs
1672,remain
1673,papers
1674,packed
1675,bare
1676,provide
1677,twelve
1678,angel
1679,searching
1680,easily
1681,invented
1682,struck
1683,sentences
1684,hadn
1685,grandfather
1686,create
1687,effect
1688,release
1689,plays
1690,accidents
1691,increasing
1692,bug
1693,jumped
1694,sugar
1695,vibrating
1696,dish
1697,wept
1698,games
1699,shoes
1700,listened
1701,count
1702,violently
1703,load
1704,vacancy
1705,george
1706,monastery
1707,dirt
1708,palms
1709,knowledge
1710,carriage
1711,mounted
1712,aside
1713,soldiers
1714,camera
1715,disappeared
1716,stage
1717,whom
1718,doorway
1719,reservation
1720,landing
1721,fourth
1722,cap
1723,hookahs
1724,muffled
1725,chess
1726,easier
1727,heaven
1728,browser
1729,hoping
1730,kitchen
1731,closer
1732,destinies
1733,loss
1734,jail
1735,battle
1736,stairs
1737,telegraph
1738,whatever
1739,wildly
1740,event
1741,golden
1742,richard
1743,persons
1744,improve
1745,observed
1746,forever
1747,junior
1748,squirrel
1749,separated
1750,accepted
1751,questions
1752,button
1753,shook
1754,site
1755,ain
1756,phase
1757,involved
1758,details
1759,brains
1760,shell
1761,agree
1762,contact
1763,clothing
1764,international
1765,military
1766,circular
1767,relaxed
1768,travels
1769,aware
1770,flag
1771,cake
1772,improved
1773,bitter
1774,paint
1775,asking
1776,shoot
1777,despite
1778,glowed
1779,council
1780,gray
1781,fayoum
1782,harder
1783,memory
1784,interesting
1785,investigations
1786,carpet
1787,wasted
1788,darling
1789,social
1790,pot
1791,cleaning
1792,highest
1793,amazing
1794,shoe
1795,struggle
1796,travelled
1797,items
1798,emails
1799,sidewalk
1800,solid
1801,season
1802,fifth
1803,drew
1804,heap
1805,peculiar
1806,omen
1807,multiple
1808,increased
1809,pressure
1810,thirsty
1811,san
1812,folks
1813,shutters
1814,performance
1815,policy
1816,bicycles
1817,governor
1818,wreckage
1819,log
1820,subway
1821,refreshing
1822,fill
1823,figures
1824,interview
1825,species
1826,truck
1827,useful
1828,dot
1829,plastic
1830,drawing
1831,members
1832,intention
1833,promised
1834,hurricanes
1835,dull
1836,excuse
1837,joined
1838,crying
1839,separate
1840,switch
1841,lawyer
1842,dots
1843,notice
1844,sadly
1845,including
1846,former
1847,streak
1848,responsible
1849,facts
1850,persuaded
1851,background
1852,ignore
1853,talked
1854,goal
1855,turf
1856,overturned
1857,terribly
1858,c
1859,extension
1860,fresh
1861,glance
1862,dreadful
1863,worried
1864,beg
1865,enemies
1866,benjamin
1867,enemy
1868,beginner
1869,gary
1870,possibility
1871,breath
1872,released
1873,theater
1874,evidence
1875,political
1876,network
1877,friendly
1878,original
1879,win
1880,port
1881,worst
1882,portion
1883,developed
1884,environment
1885,male
1886,keeping
1887,realise
1888,carry
1889,chances
1890,thieves
1891,ocean
1892,wild
1893,soft
1894,numbers
1895,shots
1896,hearts
1897,ripe
1898,definition
1899,slept
1900,bush
1901,pride
1902,europe
1903,clearly
1904,magic
1905,firing
1906,sought
1907,rise
1908,workers
1909,2
1910,messages
1911,cubes
1912,guide
1913,proposed
1914,promises
1915,finger
1916,anyway
1917,authority
1918,rushing
1919,faith
1920,sports
1921,sharing
1922,vessel
1923,destroyed
1924,mouse
1925,emergency
1926,pancakes
1927,explosion
1928,correctly
1929,guard
1930,design
1931,permitted
1932,narrow
1933,stole
1934,eastward
1935,department
1936,wonderful
1937,society
1938,enter
1939,collection
1940,block
1941,announced
1942,storms
1943,managed
1944,damage
1945,faring
1946,regretted
1947,tom
1948,methods
1949,3
1950,forehead
1951,snack
1952,evident
1953,accept
1954,studies
1955,flakes
1956,rounded
1957,ringing
1958,inch
1959,flung
1960,lab
1961,michael
1962,brass
1963,japan
1964,sensed
1965,castle
1966,stripes
1967,correct
1968,tickets
1969,shows
1970,cyclists
1971,despicable
1972,gingerbread
1973,drivers
1974,streamer
1975,faintly
1976,voicesand
1977,resume
1978,rotate
1979,special
1980,immensity
1981,outer
1982,attended
1983,central
1984,unequal
1985,hollow
1986,revenge
1987,paul
1988,elbowing
1989,taped
1990,wii
1991,commander
1992,awkward
1993,horsemen
1994,b
1995,trade
1996,flattened
1997,presently
1998,hurrying
1999,recent
2000,increase
2001,turning
2002,calculator
2003,bell
2004,fearful
2005,wheel
2006,weak
2007,painting
2008,incidents
2009,maybury
2010,definitely
2011,crimson
2012,wrapped
2013,ruins
2014,solar
2015,angela
2016,particular
2017,tranquil
2018,related
2019,bullets
2020,loves
2021,countries
2022,fully
2023,python
2024,turns
2025,kindness
2026,anymore
2027,cents
2028,wake
2029,construction
2030,miner
2031,prince
2032,gotta
2033,irresolute
2034,preferred
2035,hamburger
2036,italian
2037,sarah
2038,straw
2039,transverse
2040,woking
2041,unsuccessful
2042,projectile
2043,motion
2044,missed
2045,pleasant
2046,greetings
2047,structure
2048,double
2049,nearest
2050,recognize
2051,role
2052,hunting
2053,cash
2054,replaced
2055,wisdom
2056,servants
2057,creative
2058,breeze
2059,parking
2060,queen
2061,travelers
2062,selling
2063,surrey
2064,medaling
2065,patches
2066,dune
2067,theory
2068,roof
2069,helper
2070,nose
2071,server
2072,starlight
2073,insurance
2074,remote
2075,unit
2076,produced
2077,trained
2078,acoustics
2079,rare
2080,functions
2081,brightness
2082,elbowed
2083,loafers
2084,caddies
2085,greenish
2086,hoped
2087,middlesex
2088,natural
2089,gift
2090,feels
2091,blackened
2092,mountains
2093,hang
2094,canada
2095,kings
2096,berkshire
2097,whisperer
2098,trainers
2099,screw
2100,quivered
2101,behavior
2102,counter
2103,blackness
2104,record
2105,politics
2106,japanese
2107,rumbling
2108,contract
2109,confounded
2110,coding
2111,advantage
2112,attend
2113,singer
2114,wealth
2115,creation
2116,companion
2117,percent
2118,mary
2119,vision
2120,millions
2121,largest
2122,gates
2123,uncovered
2124,pair
2125,stretching
2126,tight
2127,basic
2128,transform
2129,pursuit
2130,rim
2131,surrounded
2132,philosopher
2133,proof
2134,complete
2135,skinny
2136,address
2137,region
2138,ladies
2139,scale
2140,horseman
2141,tim
2142,task
2143,humming
2144,request
2145,honest
2146,occur
2147,usual
2148,likes
2149,experiencing
2150,wire
2151,unfortunately
2152,charred
2153,inanimate
2154,opposite
2155,suggested
2156,nervous
2157,rabbit
2158,uses
2159,success
2160,june
2161,appreciate
2162,suffering
2163,4
2164,blame
2165,proms
2166,curse
2167,giant
2168,sing
2169,sobered
2170,observers
2171,apart
2172,colored
2173,pizza
2174,clumsily
2175,heaps
2176,obscured
2177,linux
2178,animated
2179,pearl
2180,replied
2181,achieve
2182,holiday
2183,telescopes
2184,california
2185,rotating
2186,cards
2187,object
2188,jeans
2189,statement
2190,wave
2191,empire
2192,colossal
2193,grating
2194,plants
2195,includes
2196,encampment
2197,lunatic
2198,spontaneous
2199,payment
2200,consolation
2201,strangeness
2202,material
2203,knees
2204,blind
2205,responded
2206,somehow
2207,asian
2208,1
2209,hasn
2210,imperial
2211,glaringly
2212,choose
2213,female
2214,closing
2215,manage
2216,responding
2217,prove
2218,drift
2219,symbols
2220,uneasy
2221,mentioned
2222,gases
2223,favorability
2224,sick
2225,thoughts
2226,levanter
2227,coal
2228,dreamland
2229,humble
2230,jetting
2231,encryption
2232,fruits
2233,claim
2234,tarifa
2235,awaken
2236,criminals
2237,assurance
2238,rush
2239,regular
2240,majority
2241,presented
2242,dismounted
2243,escaped
2244,heads
2245,interest
2246,wondered
2247,fat
2248,activity
2249,strangest
2250,favor
2251,events
2252,gathered
2253,importance
2254,rating
2255,purpose
2256,production
2257,cloth
2258,unfriendly
2259,crook
2260,location
2261,farm
2262,passing
2263,recommend
2264,sits
2265,growing
2266,vanished
2267,couch
2268,discuss
2269,kiss
2270,recovered
2271,pants
2272,actions
2273,swell
2274,zodiac
2275,anywhere
2276,kick
2277,pardon
2278,horn
2279,spain
2280,william
2281,younger
2282,inconvenience
2283,flap
2284,advice
2285,systems
2286,officers
2287,january
2288,unknown
2289,poem
2290,funded
2291,elderly
2292,cancer
2293,arabs
2294,tone
2295,birth
2296,someday
2297,vote
2298,rope
2299,mirror
2300,cars
2301,dare
2302,prize
2303,lock
2304,prophet
2305,scary
2306,beyond
2307,officer
2308,fed
2309,breastplate
2310,knife
2311,murmur
2312,attempting
2313,concept
2314,searched
2315,alternative
2316,touch
2317,culture
2318,pie
2319,leads
2320,agreed
2321,escaping
2322,flower
2323,silently
2324,modern
2325,threat
2326,lamp
2327,blew
2328,western
2329,terms
2330,hung
2331,mike
2332,feelings
2333,highly
2334,product
2335,hello
2336,concert
2337,total
2338,consonant
2339,records
2340,seventeen
2341,cliff
2342,slipped
2343,result
2344,zero
2345,merchants
2346,lasted
2347,thinks
2348,woods
2349,accused
2350,leg
2351,online
2352,bigger
2353,warnings
2354,sizzling
2355,projects
2356,meanwhile
2357,alarm
2358,grandma
2359,recording
2360,cool
2361,freedom
2362,spit
2363,elements
2364,ghost
2365,shot
2366,pile
2367,x
2368,techniques
2369,ts
2370,tebow
2371,insane
2372,global
2373,tomatoes
2374,roll
2375,phrase
2376,hunger
2377,microphone
2378,fingers
2379,score
2380,knowing
2381,guards
2382,actual
2383,degree
2384,spoil
2385,tin
2386,newspapers
2387,mixed
2388,drawn
2389,cast
2390,oxygen
2391,direct
2392,condition
2393,chocolate
2394,security
2395,tire
2396,simum
2397,observation
2398,fits
2399,alongside
2400,item
2401,sale
2402,edges
2403,cities
2404,admit
2405,whenever
2406,fort
2407,sunday
2408,venom
2409,presence
2410,editor
2411,buying
2412,slide
2413,curiosity
2414,cats
2415,raising
2416,paused
2417,eighteen
2418,thomas
2419,stall
2420,growth
2421,planning
2422,rules
2423,bored
2424,humans
2425,england
2426,pounds
2427,route
2428,extra
2429,classic
2430,edition
2431,borrow
2432,apples
2433,gypsies
2434,passion
2435,walks
2436,vest
2437,directly
2438,lovely
2439,departure
2440,fighter
2441,pushed
2442,remains
2443,chain
2444,author
2445,longest
2446,celebrate
2447,merry
2448,companies
2449,rushed
2450,holds
2451,share
2452,seized
2453,hires
2454,cappuccino
2455,tongue
2456,active
2457,shower
2458,stepped
2459,hallway
2460,strawberries
2461,francisco
2462,instructions
2463,mad
2464,program
2465,capital
2466,bunch
2467,bakers
2468,illegal
2469,plant
2470,enjoyed
2471,theatres
2472,dataset
2473,woke
2474,announce
2475,players
2476,cattle
2477,classification
2478,message
2479,roses
2480,click
2481,quit
2482,rang
2483,jason
2484,basketball
2485,virtual
2486,customer
2487,square
2488,exist
2489,lied
2490,stayed
2491,faced
2492,via
2493,visiting
2494,border
2495,confident
2496,scabbard
2497,sauce
2498,mood
2499,settled
2500,flat
2501,lord
2502,necklace
2503,frightening
2504,spring
2505,exhausted
2506,telephone
2507,tear
2508,ugly
2509,clue
2510,terrified
2511,credit
2512,parked
2513,fires
2514,performing
2515,brothers
2516,industry
2517,ones
2518,apply
2519,adults
2520,rome
2521,jam
2522,decades
2523,corn
2524,pregnant
2525,tribesmen
2526,busey
2527,sushi
2528,jeeves
2529,roads
2530,appears
2531,activities
2532,gracefully
2533,scott
2534,independent
2535,cinema
2536,removed
2537,holy
2538,upset
2539,shake
2540,consists
2541,totally
2542,marketplace
2543,fellow
2544,brick
2545,warehouse
2546,customers
2547,lift
2548,fix
2549,rocket
2550,bye
2551,gay
2552,worn
2553,convention
2554,digital
2555,tan
2556,pop
2557,industrial
2558,pointing
2559,trash
2560,tables
2561,stalls
2562,rice
2563,umbrella
2564,hero
2565,china
2566,tasted
2567,hire
2568,laughing
2569,cock
2570,scientists
2571,taxes
2572,photo
2573,digging
2574,imagined
2575,secured
2576,baseball
2577,outdated
2578,sticks
2579,decide
2580,instrument
2581,captain
2582,photograph
2583,relief
2584,indeed
2585,complex
2586,connections
2587,guests
2588,thursday
2589,catherine
2590,tilted
2591,colour
2592,tricks
2593,soap
2594,progress
2595,guilty
2596,higher
2597,fuel
2598,shaking
2599,exchange
2600,fourteen
2601,orders
2602,pressed
2603,authorities
2604,niece
2605,recursion
2606,device
2607,ward
2608,files
2609,heavily
2610,minister
2611,union
2612,grief
2613,intelligence
2614,pattern
2615,secrets
2616,therefore
2617,crowded
2618,rarely
2619,director
2620,indian
2621,impressed
2622,contain
2623,sheriff
2624,taxi
2625,manner
2626,shovel
2627,blocked
2628,necessary
2629,plate
2630,audience
2631,universe
2632,northern
2633,ability
2634,delayed
2635,basket
2636,lucky
2637,helmet
2638,families
2639,match
2640,insisted
2641,pleasure
2642,leaf
2643,participate
2644,specific
2645,actor
2646,wet
2647,catching
2648,evolved
2649,cemetery
2650,shared
2651,economic
2652,lisa
2653,juice
2654,error
2655,pen
2656,regarding
2657,burn
2658,testing
2659,seeing
2660,pin
2661,wow
2662,stew
2663,tools
2664,competition
2665,homes
2666,monster
2667,putting
2668,reflected
2669,sides
2670,copy
2671,swim
2672,doe
2673,hash
2674,owned
2675,surely
2676,deserve
2677,handed
2678,salesman
2679,surrender
2680,magazine
2681,pencil
2682,medicine
2683,bath
2684,chronicle
2685,menu
2686,characters
2687,sunrise
2688,shattered
2689,neck
2690,wishes
2691,dentist
2692,rabbits
2693,grasp
2694,wondering
2695,declared
2696,analysis
2697,forty
2698,possibly
2699,addictive
2700,castles
2701,mayor
2702,target
2703,promise
2704,platform
2705,jane
2706,tool
2707,latin
2708,spilled
2709,telling
2710,falls
2711,valley
2712,festival
2713,stolen
2714,transcend
2715,torn
2716,albert
2717,treat
2718,badly
2719,feature
2720,ceremony
2721,equipment
2722,bent
2723,mustard
2724,mainly
2725,racing
2726,gypsy
2727,closely
2728,cosmic
2729,beneath
2730,sticky
2731,ears
2732,seriously
2733,founded
2734,title
2735,issues
2736,skates
2737,bucket
2738,recommended
2739,surfaces
2740,gotten
2741,haste
2742,weights
2743,cure
2744,computed
2745,sofa
2746,tune
2747,clubs
2748,cafe
2749,painted
2750,economy
2751,beef
2752,dragon
2753,statue
2754,recorded
2755,museum
2756,elected
2757,weekend
2758,farther
2759,animal
2760,raise
2761,clowns
2762,european
2763,useless
2764,stronger
2765,november
2766,loving
2767,ducks
2768,disk
2769,sausages
2770,efficient
2771,channel
2772,steal
2773,chose
2774,self
2775,discipline
2776,services
2777,justice
2778,disaster
2779,expected
2780,examples
2781,pass
2782,closet
2783,climate
2784,keyboard
2785,diesel
2786,forms
2787,discussion
2788,fortune
2789,episode
2790,lawn
2791,bottom
2792,attic
2793,magical
2794,precious
2795,secretary
2796,bugs
2797,tremble
2798,withdrew
2799,foreign
2800,measure
2801,grapes
2802,february
2803,mayonnaise
2804,victoria
2805,designed
2806,study
2807,flew
2808,rolled
2809,matters
2810,repaired
2811,shaken
2812,tiny
2813,ferry
2814,roger
2815,arts
2816,client
2817,southern
2818,wander
2819,canadian
2820,gentle
2821,sooner
2822,farmer
2823,dreaming
2824,edward
2825,teaching
2826,experts
2827,danced
2828,rocky
2829,estate
2830,nails
2831,dragons
2832,regularly
2833,reasons
2834,valuable
2835,nowhere
2836,management
2837,option
2838,gear
2839,harm
2840,deliver
2841,primary
2842,rings
2843,april
2844,upstairs
2845,supports
2846,relationship
2847,bucks
2848,organ
2849,queue
2850,hers
2851,action
2852,pm
2853,washington
2854,garbage
2855,plane
2856,coin
2857,daily
2858,weapons
2859,fountain
2860,leapt
2861,deleted
2862,rights
2863,platinum
2864,hide
2865,flee
2866,decision
2867,mining
2868,overcome
2869,maid
2870,bite
2871,bob
2872,league
2873,recently
2874,range
2875,fishing
2876,france
2877,drinks
2878,index
2879,profit
2880,crashed
2881,verses
2882,bay
2883,floated
2884,sacrifice
2885,grandpa
2886,theatre
2887,explanation
2888,electricity
2889,williams
2890,enjoying
2891,beauty
2892,depends
2893,fluid
2894,throat
2895,smooth
2896,eighty
2897,causes
2898,displayed
2899,necessity
2900,mortgage
2901,bones
2902,stadium
2903,applied
2904,false
2905,paris
2906,machines
2907,entrance
2908,operating
2909,centurion
2910,celia
2911,envy
2912,freeze
2913,variety
2914,violence
2915,claims
2916,doctors
2917,products
2918,vehicles
2919,nourish
2920,commercial
2921,intensity
2922,quarter
2923,professor
2924,practical
2925,fan
2926,limited
2927,demonstrate
2928,spiders
2929,foreigner
2930,barely
2931,olivia
2932,blinded
2933,weren
2934,shorts
2935,ideas
2936,brand
2937,ends
2938,closest
2939,users
2940,startled
2941,serves
2942,negative
2943,greater
2944,hunt
2945,aisle
2946,selected
2947,enormous
2948,syrup
2949,pickles
2950,lucy
2951,starts
2952,desperate
2953,laboratories
2954,fought
2955,traditional
2956,stopping
2957,levels
2958,largely
2959,immense
2960,sore
2961,dancing
2962,flour
2963,bound
2964,celsius
2965,hay
2966,blows
2967,yelling
2968,dying
2969,organization
2970,rough
2971,citizens
2972,robot
2973,cases
2974,attorney
2975,rid
2976,uncomfortable
2977,dollar
2978,guest
2979,broom
2980,chinese
2981,sources
2982,tv
2983,thus
2984,picnic
2985,potatoes
2986,whinnying
2987,referred
2988,transport
2989,dumb
2990,bacon
2991,boyfriend
2992,seeking
2993,passes
2994,andalusia
2995,unique
2996,salad
2997,tend
2998,meters
2999,decorate
3000,advertise
3001,monkey
3002,solved
3003,developers
3004,permission
3005,steep
3006,bisexual
3007,expectations
3008,election
3009,sighed
3010,equation
3011,sprayed
3012,official
3013,granted
3014,paintings
3015,addition
3016,christian
3017,drifts
3018,tail
3019,toilet
3020,province
3021,rely
3022,lifted
3023,boards
3024,beside
3025,laid
3026,scent
3027,pieces
3028,rows
3029,cab
3030,blond
3031,preparing
3032,talks
3033,property
3034,hid
3035,roman
3036,technical
3037,focus
3038,banana
3039,shear
3040,affordable
3041,exchanged
3042,satisfaction
3043,deny
3044,wedding
3045,fascinating
3046,eastern
3047,debt
3048,pitcher
3049,map
3050,tracks
3051,donald
3052,burns
3053,obligation
3054,steam
3055,silly
3056,pencils
3057,pat
3058,obscure
3059,ruined
3060,residential
3061,films
3062,improves
3063,climb
3064,wash
3065,ink
3066,parliament
3067,exercise
3068,branches
3069,motorcycle
3070,understands
3071,sets
3072,belongs
3073,becomes
3074,ricardo
3075,e
3076,seer
3077,blizzard
3078,shore
3079,faded
3080,spirit
3081,row
3082,saturday
3083,shown
3084,string
3085,somewhat
3086,sponge
3087,wherever
3088,civil
3089,exit
3090,thoroughly
3091,eve
3092,lace
3093,lesbian
3094,saving
3095,engines
3096,sixteen
3097,completed
3098,continues
3099,shoulders
3100,davis
3101,poet
3102,maps
3103,centre
3104,describe
3105,counting
3106,marching
3107,chap
3108,jazz
3109,pub
3110,terrific
3111,development
3112,wanders
3113,blocks
3114,van
3115,chart
3116,mozilla
3117,leaning
3118,comfortable
3119,eyed
3120,internal
3121,discovery
3122,dusty
3123,secondary
3124,experienced
3125,illnesses
3126,steps
3127,martial
3128,bills
3129,rust
3130,regrets
3131,candy
3132,beggars
3133,counted
3134,weight
3135,youth
3136,inspired
3137,producing
3138,knocked
3139,washing
3140,medal
3141,chrome
3142,reported
3143,colonel
3144,bertie
3145,covers
3146,martin
3147,gloves
3148,contents
3149,seasons
3150,strangers
3151,excellent
3152,ending
3153,physics
3154,tunnel
3155,vegetables
3156,odor
3157,horror
3158,hell
3159,campaign
3160,sixth
3161,f
3162,skill
3163,emperor
3164,bowl
3165,mob
3166,barn
3167,agreement
3168,trivial
3169,fireplace
3170,oyster
3171,whip
3172,hull
3173,dirty
3174,exploit
3175,performed
3176,ruin
3177,manager
3178,grand
3179,burst
3180,nonsense
3181,algorithms
3182,endless
3183,elevator
3184,hurts
3185,sends
3186,widely
3187,meat
3188,maktub
3189,carries
3190,poured
3191,antelope
3192,counselor
3193,helping
3194,independence
3195,knock
3196,winner
3197,opera
3198,australia
3199,ray
3200,reviews
3201,ireland
3202,cherries
3203,averting
3204,drums
3205,pills
3206,produce
3207,coach
3208,tyler
3209,seers
3210,yard
3211,saddened
3212,computers
3213,philip
3214,luke
3215,violin
3216,brightly
3217,media
3218,attacked
3219,navy
3220,bolted
3221,harassment
3222,aloud
3223,bakery
3224,opportunity
3225,conquer
3226,damn
3227,pages
3228,infidels
3229,shimmering
3230,satisfied
3231,jet
3232,fault
3233,grateful
3234,lowered
3235,holes
3236,reopen
3237,crawled
3238,swore
3239,invaders
3240,jersey
3241,ordered
3242,launch
3243,shine
3244,spies
3245,latter
3246,syndrome
3247,certificate
3248,melchizedek
3249,rum
3250,conference
3251,mate
3252,repeat
3253,container
3254,badminton
3255,pose
3256,seats
3257,willing
3258,loaded
3259,royal
3260,provides
3261,primarily
3262,detail
3263,scratch
3264,cord
3265,arabian
3266,abigail
3267,leisure
3268,verify
3269,hug
3270,salmon
3271,reasonable
3272,seller
3273,alcoholic
3274,spell
3275,hydrogen
3276,completing
3277,operated
3278,trousers
3279,cell
3280,lighting
3281,processing
3282,bend
3283,developer
3284,cart
3285,cook
3286,nest
3287,erased
3288,noon
3289,lecture
3290,equations
3291,hockey
3292,intense
3293,colony
3294,pockets
3295,incident
3296,honey
3297,awful
3298,rated
3299,wealthy
3300,pad
3301,capable
3302,checked
3303,composition
3304,stamp
3305,passage
3306,religion
3307,pole
3308,lions
3309,neon
3310,presentation
3311,stumbled
3312,bathroom
3313,engaging
3314,hasty
3315,shocked
3316,paste
3317,ourselves
3318,clay
3319,tuesday
3320,featured
3321,troops
3322,suffered
3323,breed
3324,split
3325,gesture
3326,boots
3327,registration
3328,revealing
3329,fate
3330,technology
3331,o
3332,tape
3333,native
3334,victims
3335,discovered
3336,cute
3337,suitable
3338,embarrassed
3339,compare
3340,financial
3341,column
3342,goods
3343,historic
3344,lonely
3345,amanda
3346,claimed
3347,weaker
3348,terminal
3349,staying
3350,monkeys
3351,homeless
3352,cabin
3353,ignored
3354,references
3355,writes
3356,robe
3357,section
3358,safely
3359,annual
3360,carbon
3361,crow
3362,sycamore
3363,doll
3364,hiking
3365,invention
3366,frank
3367,textbook
3368,lavender
3369,avoided
3370,tsunami
3371,insects
3372,neighborhood
3373,arrival
3374,hardware
3375,reader
3376,net
3377,pigeons
3378,swan
3379,reflection
3380,mobile
3381,funds
3382,chase
3383,script
3384,properly
3385,sheet
3386,uncontrollably
3387,beasts
3388,washed
3389,fortunately
3390,anger
3391,mint
3392,farewell
3393,grave
3394,mystery
3395,russia
3396,blades
3397,password
3398,considering
3399,idiot
3400,fascination
3401,jim
3402,receive
3403,robert
3404,involve
3405,cigarette
3406,originally
3407,successfully
3408,protection
3409,township
3410,wheels
3411,punch
3412,sandra
3413,skiing
3414,flood
3415,slippers
3416,peak
3417,grabbed
3418,sickly
3419,desperately
3420,typically
3421,everyday
3422,suffer
3423,exploration
3424,escalator
3425,usb
3426,coast
3427,crack
3428,frog
3429,surgery
3430,incredible
3431,notes
3432,anthony
3433,compliments
3434,employees
3435,screamed
3436,nuclear
3437,sending
3438,apparent
3439,demanded
3440,bow
3441,chemical
3442,readers
3443,shade
3444,distribution
3445,privacy
3446,creek
3447,scene
3448,recognizing
3449,megan
3450,drove
3451,virginia
3452,millionaire
3453,volunteers
3454,host
3455,ladder
3456,criticized
3457,october
3458,tribesman
3459,toy
3460,fans
3461,cue
3462,worker
3463,david
3464,nephew
3465,douglas
3466,likely
3467,award
3468,alcohol
3469,baggage
3470,politicians
3471,india
3472,cartoons
3473,hm
3474,fake
3475,fifteen
3476,worryingly
3477,moss
3478,directed
3479,seek
3480,ashamed
3481,forming
3482,browsing
3483,mess
3484,ann
3485,earned
3486,cryptography
3487,scream
3488,pitch
3489,staff
3490,silhouette
3491,canal
3492,impressive
3493,patch
3494,express
3495,tough
3496,polish
3497,offers
3498,de
3499,melissa
3500,install
3501,durable
3502,brake
3503,nicholas
3504,jackson
3505,turkey
3506,gussie
3507,hears
3508,existence
3509,smelled
3510,deer
3511,someplace
3512,institute
3513,jelly
3514,prodded
3515,teaches
3516,laptop
3517,happily
3518,august
3519,elizabeth
3520,earthquake
3521,watches
3522,mid
3523,established
3524,status
3525,java
3526,naked
3527,shelves
3528,relaxing
3529,nostalgia
3530,leaking
3531,bless
3532,inspect
3533,harvest
3534,puts
3535,apartment
3536,influence
3537,sells
3538,outcome
3539,atop
3540,w
3541,advise
3542,<unk>
3543,prayer
3544,retired
3545,naturally
3546,shallow
3547,origin
3548,ali
3549,pneumonia
3550,networks
3551,joseph
3552,conflict
3553,santiago
3554,winds
3555,license
3556,posted
3557,kittens
3558,lessons
3559,exploited
3560,veins
3561,courage
3562,islands
3563,ads
3564,monday
3565,neighbors
3566,warrant
3567,jug
3568,examined
3569,challenges
3570,offering
3571,accent
3572,represent
3573,centuries
3574,sam
3575,crew
3576,probabilities
3577,draft
3578,indicating
3579,vibrations
3580,snakes
3581,lollipop
3582,penguin
3583,wifi
3584,skirt
3585,zealand
3586,listed
3587,sometime
3588,commonly
3589,cleaner
3590,degrees
3591,paved
3592,gentleman
3593,outdoors
3594,injury
3595,comments
3596,classical
3597,principal
3598,belt
3599,rude
3600,mines
3601,aaron
3602,practiced
3603,replicate
3604,twilight
3605,volume
3606,grows
3607,trunk
3608,pet
3609,july
3610,garage
3611,racket
3612,anxiety
3613,shops
3614,thirteen
3615,nicole
3616,heights
3617,maintained
3618,humanity
3619,gods
3620,binary
3621,interpretation
3622,bone
3623,frequently
3624,passengers
3625,announcement
3626,backup
3627,adventure
3628,tore
3629,seldom
3630,ham
3631,jumper
3632,sink
3633,traveling
3634,quality
3635,technically
3636,13
3637,feather
3638,stretched
3639,grown
3640,criminal
3641,mail
3642,concrete
3643,fame
3644,actress
3645,latest
3646,spinning
3647,remove
3648,discount
3649,vinegar
3650,lyrics
3651,crash
3652,numerous
3653,spray
3654,powered
3655,madam
3656,drivel
3657,clutch
3658,cops
3659,identity
3660,charity
3661,miracle
3662,mumbled
3663,supper
3664,cheers
3665,questioning
3666,peanut
3667,irish
3668,concerns
3669,abruptly
3670,letting
3671,benefit
3672,combat
3673,subject
3674,grip
3675,division
3676,letters
3677,gin
3678,practically
3679,reporters
3680,affected
3681,tales
3682,sharks
3683,maria
3684,slip
3685,vocabulary
3686,nightmare
3687,withdraw
3688,justification
3689,gymnastics
3690,stock
3691,pepperoni
3692,confused
3693,republic
3694,returns
3695,neighbour
3696,objective
3697,handles
3698,poetry
3699,urged
3700,vatican
3701,linda
3702,hatch
3703,rail
3704,helps
3705,shortly
3706,florida
3707,attacks
3708,lincoln
3709,inhabitants
3710,teams
3711,jolly
3712,pig
3713,bearded
3714,topic
3715,desire
3716,calendar
3717,effectively
3718,thou
3719,baldwin
3720,piano
3721,causing
3722,checking
3723,ages
3724,filmed
3725,circus
3726,refugees
3727,philosophy
3728,reduced
3729,travelling
3730,congestion
3731,scarf
3732,unbearable
3733,practicing
3734,desires
3735,downtown
3736,composed
3737,smith
3738,editing
3739,pod
3740,rolling
3741,depleted
3742,herald
3743,crystals
3744,substantial
3745,december
3746,homies
3747,brazil
3748,shines
3749,lips
3750,projected
3751,destination
3752,recognition
3753,shelter
3754,maple
3755,authentication
3756,helene
3757,campfire
3758,ridiculous
3759,diabetes
3760,pang
3761,virtue
3762,banks
3763,prevent
3764,20
3765,decryption
3766,britain
3767,winter
3768,chairs
3769,palace
3770,condemned
3771,studying
3772,execute
3773,highway
3774,valued
3775,balance
3776,lens
3777,copyright
3778,honour
3779,grandmother
3780,twin
3781,combination
3782,deeds
3783,capsules
3784,voices
3785,eiffel
3786,document
3787,popularity
3788,politician
3789,clicking
3790,solitary
3791,awake
3792,distinct
3793,journal
3794,training
3795,christopher
3796,demonstrating
3797,blowing
3798,contemporary
3799,spencer
3800,mister
3801,noted
3802,russian
3803,dismissed
3804,towns
3805,strawberry
3806,coworkers
3807,beautifully
3808,plank
3809,silk
3810,beverages
3811,aid
3812,buttons
3813,requirements
3814,mouths
3815,calls
3816,interviews
3817,reveals
3818,opens
3819,appeal
3820,climbing
3821,colors
3822,bible
3823,literature
3824,los
3825,export
3826,element
3827,stomach
3828,laughs
3829,resolved
3830,liked
3831,disgusting
3832,curtain
3833,cured
3834,sworn
3835,stream
3836,zone
3837,expert
3838,9
3839,invasion
3840,convince
3841,permanent
3842,ownership
3843,earn
3844,playground
3845,steady
3846,anti
3847,cups
3848,grammar
3849,conservative
3850,african
3851,boxing
3852,leather
3853,drum
3854,particles
3855,opinions
3856,lakes
3857,comest
3858,chilling
3859,critical
3860,mission
3861,passenger
3862,foolish
3863,engagement
3864,dive
3865,sculpture
3866,serving
3867,saves
3868,comparison
3869,measurements
3870,challenge
3871,allows
3872,pixel
3873,dragonfly
3874,reversed
3875,hopefully
3876,defense
3877,guitars
3878,darkest
3879,doubts
3880,pi
3881,reserve
3882,particularly
3883,pillow
3884,despair
3885,wires
3886,poorly
3887,cushion
3888,aggressive
3889,slithered
3890,convert
3891,framework
3892,powers
3893,squeezed
3894,laboratory
3895,jill
3896,soup
3897,executive
3898,canoe
3899,risk
3900,sunny
3901,outfit
3902,savagery
3903,butterfly
3904,compared
3905,conditions
3906,copper
3907,yummy
3908,sandals
3909,jumps
3910,softly
3911,nina
3912,chosen
3913,neat
3914,shame
3915,bridges
3916,tied
3917,screaming
3918,experiment
3919,gifts
3920,cop
3921,lemon
3922,nod
3923,candle
3924,diver
3925,worms
3926,mathematical
3927,midnight
3928,predicted
3929,shakespeare
3930,sustained
3931,handling
3932,fridge
3933,acquire
3934,divided
3935,childhood
3936,dj
3937,peach
3938,dictionary
3939,unexpectedly
3940,sex
3941,lee
3942,encyclopedia
3943,backs
3944,per
3945,oak
3946,echoed
3947,commercially
3948,dice
3949,indonesia
3950,pupils
3951,kettle
3952,agrees
3953,convenient
3954,impression
3955,spaghetti
3956,charged
3957,core
3958,vacuum
3959,chewing
3960,siren
3961,assistant
3962,constant
3963,pilot
3964,inheritance
3965,galloped
3966,bunny
3967,injuries
3968,aghast
3969,teens
3970,arose
3971,pears
3972,sum
3973,ordinary
3974,elephant
3975,guarantee
3976,knee
3977,liberal
3978,shares
3979,birthplace
3980,follows
3981,spaced
3982,infuriates
3983,lizards
3984,backwards
3985,creating
3986,kimberly
3987,prime
3988,acting
3989,rug
3990,johnny
3991,elevators
3992,shaving
3993,vain
3994,phil
3995,gained
3996,diamonds
3997,irregular
3998,remind
3999,objects
